file,qualified_name,line,span_lines,decision_proxy,statements,parameters,async,production_name_loads,no_observed_name_usage
src/__main__.py,main,9,7,2,5,0,False,4,False
src/admin/cli_command_executor.py,CliCommandExecutor.__init__,27,18,1,8,7,False,7,False
src/admin/cli_command_executor.py,CliCommandExecutor._build_dispatch_map,46,51,1,35,0,False,1,False
src/admin/cli_command_executor.py,CliCommandExecutor._build_dispatch_map.register,50,3,2,2,2,False,33,False
src/admin/cli_command_executor.py,CliCommandExecutor.execute,98,30,6,19,3,True,9,False
src/admin/cli_command_executor.py,CliCommandExecutor._cli_radio,131,3,1,2,3,False,1,False
src/admin/cli_command_executor.py,CliCommandExecutor._cli_stats_radio,135,19,6,14,3,True,1,False
src/admin/cli_command_executor.py,CliCommandExecutor._cli_tuning,155,18,6,16,3,True,1,False
src/admin/cli_command_executor.py,CliCommandExecutor._cli_packets,174,3,1,2,3,False,1,False
src/admin/cli_command_executor.py,CliCommandExecutor._cli_channels,178,3,1,2,3,True,1,False
src/admin/cli_command_executor.py,CliCommandExecutor._cli_nodes,182,5,1,4,3,False,1,False
src/admin/cli_command_executor.py,CliCommandExecutor._cli_neighbors_wrapper,188,5,1,4,3,False,1,False
src/admin/cli_command_executor.py,CliCommandExecutor._cli_routes_wrapper,194,4,1,3,3,False,1,False
src/admin/cli_command_executor.py,CliCommandExecutor._cli_signal_wrapper,199,3,1,2,3,False,1,False
src/admin/cli_command_executor.py,CliCommandExecutor._cli_lqi_wrapper,203,3,1,2,3,False,1,False
src/admin/cli_command_executor.py,CliCommandExecutor._cli_config,207,3,1,2,3,False,1,False
src/admin/cli_command_executor.py,CliCommandExecutor._cli_position,211,3,1,2,3,False,1,False
src/admin/cli_command_executor.py,CliCommandExecutor._cli_logs_wrapper,215,3,1,2,3,False,1,False
src/admin/cli_command_executor.py,CliCommandExecutor._cli_owner,219,3,1,2,3,False,1,False
src/admin/cli_command_executor.py,CliCommandExecutor._cli_acl,223,3,1,2,3,False,1,False
src/admin/cli_command_executor.py,CliCommandExecutor._cli_board,227,7,4,3,3,False,1,False
src/admin/cli_command_executor.py,CliCommandExecutor._cli_ping,235,7,1,6,3,True,1,False
src/admin/cli_command_executor.py,CliCommandExecutor._cli_advert_hop0,243,4,1,3,3,True,1,False
src/admin/cli_command_executor.py,CliCommandExecutor._cli_advert_flood,248,4,1,3,3,True,1,False
src/admin/cli_command_executor.py,CliCommandExecutor._cli_reboot,253,5,1,4,3,True,1,False
src/admin/cli_command_executor.py,CliCommandExecutor._cli_clear_stats,259,14,4,12,3,False,1,False
src/admin/cli_command_executor.py,CliCommandExecutor._cli_help,274,3,1,2,3,False,1,False
src/admin/cli_command_executor.py,CliCommandExecutor._cli_info,281,22,6,11,3,True,1,False
src/admin/cli_command_executor.py,CliCommandExecutor._cli_status,304,35,8,23,3,True,1,False
src/admin/cli_command_executor.py,CliCommandExecutor._cli_uptime,340,20,5,12,3,True,1,False
src/admin/cli_command_executor.py,CliCommandExecutor._cli_mem,361,26,5,13,3,True,1,False
src/admin/cli_command_executor.py,CliCommandExecutor._cli_version,388,27,9,18,3,True,2,False
src/admin/cli_command_executor.py,CliCommandExecutor._cli_battery,416,32,17,25,3,True,2,False
src/admin/cli_command_executor.py,CliCommandExecutor._cli_time,449,16,8,14,3,True,2,False
src/admin/cli_command_executor.py,CliCommandExecutor._cli_sync_clock,466,13,2,12,3,True,2,False
src/admin/cli_command_executor.py,CliCommandExecutor._cli_stats_core,480,87,35,55,3,True,2,False
src/admin/cli_command_executor.py,CliCommandExecutor._cli_radio_info,568,15,1,10,1,False,3,False
src/admin/cli_command_executor.py,CliCommandExecutor._cli_packets_info,584,10,3,9,1,False,2,False
src/admin/cli_command_executor.py,CliCommandExecutor._cli_position_info,595,16,8,8,1,False,2,False
src/admin/cli_command_executor.py,CliCommandExecutor._cli_owner_info,612,6,1,5,1,False,2,False
src/admin/cli_command_executor.py,CliCommandExecutor._cli_neighbors,619,32,16,16,3,False,2,False
src/admin/cli_command_executor.py,CliCommandExecutor._cli_nodes_list,652,19,17,13,3,False,2,False
src/admin/cli_command_executor.py,CliCommandExecutor._cli_lqi,672,18,10,11,3,False,2,False
src/admin/cli_command_executor.py,CliCommandExecutor._cli_channel_info,691,45,11,19,1,True,1,False
src/admin/cli_command_executor.py,CliCommandExecutor._cli_channel_info._read_channels,701,10,4,8,0,False,1,False
src/admin/cli_command_executor.py,CliCommandExecutor._cli_routes,737,32,12,17,2,False,1,False
src/admin/cli_command_executor.py,CliCommandExecutor._cli_signal,770,25,9,13,1,False,1,False
src/admin/cli_command_executor.py,CliCommandExecutor._cli_show_config,796,27,2,2,1,False,1,False
src/admin/cli_command_executor.py,CliCommandExecutor._cli_show_config.supported_value,798,5,3,4,2,False,6,False
src/admin/cli_command_executor.py,CliCommandExecutor._cli_sensors,824,33,13,27,3,True,1,False
src/admin/cli_command_executor.py,CliCommandExecutor._cli_logs,858,29,12,20,1,False,1,False
src/admin/cli_command_executor.py,CliCommandExecutor._cli_send_advert,888,7,4,5,2,True,3,False
src/admin/cli_command_executor.py,CliCommandExecutor._cli_help_text,896,37,1,2,0,False,2,False
src/admin/cli_command_executor.py,CliCommandExecutor._confirmed_local_config,934,6,5,5,3,True,12,False
src/admin/cli_command_executor.py,CliCommandExecutor._cli_set_param,941,95,29,75,3,True,2,False
src/admin/local_config_executor.py,normalize_coding_rate,56,12,7,11,1,False,4,False
src/admin/local_config_executor.py,LocalConfigExecutor.__init__,73,13,1,6,4,False,7,False
src/admin/local_config_executor.py,LocalConfigExecutor._write_device,87,3,1,2,3,True,17,False
src/admin/local_config_executor.py,LocalConfigExecutor._query_device,91,6,2,4,3,True,15,False
src/admin/local_config_executor.py,LocalConfigExecutor._get_device_baseline,98,12,9,11,2,False,17,False
src/admin/local_config_executor.py,LocalConfigExecutor._sync_confirmed_self_info,111,9,4,8,2,False,20,False
src/admin/local_config_executor.py,LocalConfigExecutor._other_params_baseline,121,12,5,11,2,False,2,False
src/admin/local_config_executor.py,LocalConfigExecutor.get_local_config,134,26,5,16,0,False,17,False
src/admin/local_config_executor.py,LocalConfigExecutor._read_self_info,161,19,9,17,1,False,4,False
src/admin/local_config_executor.py,LocalConfigExecutor._apply_self_info_to_cfg,181,41,6,8,2,False,2,False
src/admin/local_config_executor.py,LocalConfigExecutor._ensure_default_telemetry,223,21,1,20,1,False,1,False
src/admin/local_config_executor.py,LocalConfigExecutor._populate_uptime_and_airtime,245,42,23,35,1,False,1,False
src/admin/local_config_executor.py,LocalConfigExecutor._populate_last_rf_metrics,288,17,12,13,1,False,1,False
src/admin/local_config_executor.py,LocalConfigExecutor._populate_radio_limits,306,8,5,7,2,False,1,False
src/admin/local_config_executor.py,LocalConfigExecutor.fetch_device_config,315,34,10,30,1,True,3,False
src/admin/local_config_executor.py,LocalConfigExecutor._query_hardware_device_and_battery,350,77,30,55,1,True,1,False
src/admin/local_config_executor.py,LocalConfigExecutor._query_hardware_stats_and_packets,428,62,31,56,1,True,1,False
src/admin/local_config_executor.py,LocalConfigExecutor.sync_device_clock,491,20,3,12,1,True,2,False
src/admin/local_config_executor.py,LocalConfigExecutor.clear_device_stats,512,17,4,12,0,True,2,False
src/admin/local_config_executor.py,LocalConfigExecutor._prevalidate_local_params,530,189,93,131,1,False,1,False
src/admin/local_config_executor.py,LocalConfigExecutor.set_local_config,720,5,1,3,3,True,4,False
src/admin/local_config_executor.py,LocalConfigExecutor._set_local_config_locked,726,53,10,27,3,True,1,False
src/admin/local_config_executor.py,LocalConfigExecutor._apply_identity_settings,780,38,14,31,3,True,1,False
src/admin/local_config_executor.py,LocalConfigExecutor._apply_radio_settings,819,130,43,88,3,True,1,False
src/admin/local_config_executor.py,LocalConfigExecutor._apply_other_params_settings,950,32,10,24,3,True,1,False
src/admin/local_config_executor.py,LocalConfigExecutor._apply_advanced_meshcore_settings,983,64,19,48,3,True,1,False
src/admin/local_config_executor.py,LocalConfigExecutor.get_custom_vars,1048,10,4,9,0,True,7,False
src/admin/local_config_executor.py,LocalConfigExecutor.set_custom_var,1059,10,3,9,2,True,3,False
src/admin/local_config_executor.py,LocalConfigExecutor.delete_custom_var,1070,5,1,3,1,True,4,False
src/admin/local_config_executor.py,LocalConfigExecutor.get_path_hash_mode,1076,11,3,10,0,True,4,False
src/admin/local_config_executor.py,LocalConfigExecutor.set_path_hash_mode,1088,10,2,9,1,True,4,False
src/admin/local_config_executor.py,LocalConfigExecutor.get_autoadd_config,1099,14,4,13,0,True,4,False
src/admin/local_config_executor.py,LocalConfigExecutor.set_autoadd_config,1114,26,12,19,2,True,4,False
src/admin/local_config_executor.py,LocalConfigExecutor.get_flood_scope,1141,10,4,9,0,True,4,False
src/admin/local_config_executor.py,LocalConfigExecutor.set_flood_scope,1152,20,7,17,1,True,4,False
src/admin/local_config_executor.py,LocalConfigExecutor._validate_custom_var,1174,4,4,3,2,False,3,False
src/admin/repeater_executor.py,WaiterRegistry.register,62,16,9,15,3,False,33,False
src/admin/repeater_executor.py,WaiterRegistry.unregister,79,13,12,12,3,False,2,False
src/admin/repeater_executor.py,WaiterRegistry.expect_response,94,15,2,9,2,True,7,False
src/admin/repeater_executor.py,RepeaterAdminExecutor.__init__,138,17,2,8,6,False,7,False
src/admin/repeater_executor.py,RepeaterAdminExecutor.execute,156,8,3,6,1,True,9,False
src/admin/repeater_executor.py,RepeaterAdminExecutor._execute_request,165,41,16,24,1,True,1,False
src/admin/repeater_executor.py,RepeaterAdminExecutor._collect_target_info,207,19,10,16,1,False,2,False
src/admin/repeater_executor.py,RepeaterAdminExecutor._execute_batch_config,227,281,90,206,2,True,1,False
src/admin/repeater_executor.py,RepeaterAdminExecutor._update_local_registry_from_params,509,76,35,34,2,True,7,False
src/admin/repeater_executor.py,RepeaterAdminExecutor._execute_ping_zero,586,55,22,37,3,True,1,False
src/admin/repeater_executor.py,RepeaterAdminExecutor._build_ping_zero_success,642,32,9,11,2,False,1,False
src/admin/repeater_executor.py,RepeaterAdminExecutor._build_ping_zero_timeout,675,18,1,4,5,False,1,False
src/admin/repeater_executor.py,RepeaterAdminExecutor._execute_batch_telemetry_query,694,179,64,117,3,True,2,False
src/admin/repeater_executor.py,RepeaterAdminExecutor._dispatch_rf_command,874,66,15,35,3,True,1,False
src/admin/repeater_executor.py,RepeaterAdminExecutor._try_execute_binary_or_anon,941,182,59,106,1,True,1,False
src/admin/repeater_executor.py,RepeaterAdminExecutor._login_event_name,1125,5,3,4,1,False,3,False
src/admin/repeater_executor.py,RepeaterAdminExecutor._authenticate_repeater,1131,36,18,32,2,True,5,False
src/admin/repeater_executor.py,RepeaterAdminExecutor._login_is_authorized,1168,11,8,10,2,False,4,False
src/admin/repeater_executor.py,RepeaterAdminExecutor._execute_auth_command,1180,19,3,9,1,True,1,False
src/admin/repeater_executor.py,RepeaterAdminExecutor._execute_unit_command,1200,29,6,21,1,True,2,False
src/admin/repeater_executor.py,RepeaterAdminExecutor._execute_unit_command_rf,1230,62,37,50,2,True,2,False
src/admin/repeater_executor.py,RepeaterAdminExecutor._setter_response_confirmed,1294,5,2,4,2,False,3,False
src/admin/repeater_executor.py,RepeaterAdminExecutor._safe_response_text,1301,8,5,7,2,False,4,False
src/admin/repeater_executor.py,RepeaterAdminExecutor._ensure_radio_contact,1314,85,39,62,5,True,3,False
src/admin/repeater_executor.py,RepeaterAdminExecutor._determine_target_hops,1400,28,24,25,2,False,1,False
src/admin/repeater_executor.py,RepeaterAdminExecutor._send_rf_command,1429,25,10,19,6,True,4,False
src/admin/repeater_executor.py,RepeaterAdminExecutor._send_login_fallback,1456,9,5,8,1,True,1,False
src/admin/repeater_executor.py,RepeaterAdminExecutor._send_pre_login,1466,3,1,2,1,True,1,False
src/admin/sdk_commands.py,run_sdk_command,12,8,8,7,3,True,49,False
src/admin/sdk_commands.py,require_success,22,16,13,15,2,False,20,False
src/admin/traceroute_executor.py,TracerouteExecutor.__init__,27,9,1,3,3,False,7,False
src/admin/traceroute_executor.py,TracerouteExecutor.execute,37,98,39,67,5,True,9,False
src/admin/traceroute_executor.py,TracerouteExecutor._parse_path_list,136,7,7,6,1,False,1,False
src/admin/traceroute_executor.py,TracerouteExecutor._format_trace_hops,144,56,27,44,1,False,1,False
src/admin/traceroute_executor.py,TracerouteExecutor._dispatch_trace_rf,201,13,6,9,4,True,1,False
src/admin/traceroute_executor.py,TracerouteExecutor._build_hops_breakdown,215,80,24,26,4,False,1,False
src/admin/traceroute_executor.py,TracerouteExecutor._find_node_info,296,22,15,21,1,False,5,False
src/admin_handler.py,AdminCommandHandler.__init__,56,46,1,10,1,False,7,False
src/admin_handler.py,AdminCommandHandler._publish_safe,103,7,4,5,3,False,28,False
src/admin_handler.py,AdminCommandHandler.get_local_config,111,3,1,2,0,False,17,False
src/admin_handler.py,AdminCommandHandler.fetch_device_config,115,3,1,2,1,True,3,False
src/admin_handler.py,AdminCommandHandler.sync_device_clock,119,3,1,2,1,True,2,False
src/admin_handler.py,AdminCommandHandler.clear_device_stats,123,3,1,2,0,True,2,False
src/admin_handler.py,AdminCommandHandler.broadcast_advert,127,11,6,9,1,True,4,False
src/admin_handler.py,AdminCommandHandler.get_custom_vars,139,3,1,2,0,True,7,False
src/admin_handler.py,AdminCommandHandler.set_custom_var,143,3,1,2,2,True,3,False
src/admin_handler.py,AdminCommandHandler.delete_custom_var,147,3,1,2,1,True,4,False
src/admin_handler.py,AdminCommandHandler.get_path_hash_mode,151,3,1,2,0,True,4,False
src/admin_handler.py,AdminCommandHandler.set_path_hash_mode,155,3,1,2,1,True,4,False
src/admin_handler.py,AdminCommandHandler.get_autoadd_config,159,3,1,2,0,True,4,False
src/admin_handler.py,AdminCommandHandler.set_autoadd_config,163,3,1,2,2,True,4,False
src/admin_handler.py,AdminCommandHandler.get_flood_scope,167,3,1,2,0,True,4,False
src/admin_handler.py,AdminCommandHandler.set_flood_scope,171,3,1,2,1,True,4,False
src/admin_handler.py,AdminCommandHandler.notify_ping_response,176,42,29,37,2,False,3,False
src/admin_handler.py,AdminCommandHandler.notify_command_response,219,65,43,53,2,False,1,False
src/admin_handler.py,AdminCommandHandler._resolve_target,285,7,1,3,2,False,13,False
src/admin_handler.py,AdminCommandHandler._wait_for_repeater_response,293,24,9,16,3,True,6,False
src/admin_handler.py,AdminCommandHandler.handle,318,10,4,6,1,True,2,False
src/admin_handler.py,AdminCommandHandler._handle,329,108,34,75,1,True,1,False
src/admin_handler.py,AdminCommandHandler._handle_traceroute,442,10,1,2,5,True,1,False
src/admin_handler.py,AdminCommandHandler._handle_remote_repeater,453,3,1,2,1,True,1,False
src/admin_handler.py,AdminCommandHandler._handle_set_local_config,457,8,1,2,3,True,3,False
src/admin_handler.py,AdminCommandHandler._handle_cli_command,466,8,1,2,3,True,1,False
src/admin_handler.py,AdminCommandHandler._cli_version,477,2,1,1,3,True,2,False
src/admin_handler.py,AdminCommandHandler._cli_battery,480,2,1,1,3,True,2,False
src/admin_handler.py,AdminCommandHandler._cli_time,483,2,1,1,3,True,2,False
src/admin_handler.py,AdminCommandHandler._cli_sync_clock,486,2,1,1,2,True,2,False
src/admin_handler.py,AdminCommandHandler._cli_stats_core,489,2,1,1,3,True,2,False
src/admin_handler.py,AdminCommandHandler._cli_radio_info,492,2,1,1,1,False,3,False
src/admin_handler.py,AdminCommandHandler._cli_packets_info,495,2,1,1,1,False,2,False
src/admin_handler.py,AdminCommandHandler._cli_position_info,498,2,1,1,1,False,2,False
src/admin_handler.py,AdminCommandHandler._cli_owner_info,501,2,1,1,1,False,2,False
src/admin_handler.py,AdminCommandHandler._cli_neighbors,504,2,1,1,3,False,2,False
src/admin_handler.py,AdminCommandHandler._cli_nodes_list,507,2,1,1,3,False,2,False
src/admin_handler.py,AdminCommandHandler._cli_lqi,510,2,1,1,3,False,2,False
src/admin_handler.py,AdminCommandHandler._cli_send_advert,513,2,1,1,2,True,3,False
src/admin_handler.py,AdminCommandHandler._cli_help_text,516,2,1,1,0,False,2,False
src/admin_handler.py,AdminCommandHandler._cli_set_param,519,2,1,1,2,True,2,False
src/bridge_core.py,MqttClientProtocol.publish,47,1,1,1,4,False,3,False
src/bridge_core.py,MqttClientProtocol.subscribe,48,1,1,1,2,False,2,False
src/bridge_core.py,MqttClientProtocol.loop_start,49,1,1,1,0,False,1,False
src/bridge_core.py,MqttClientProtocol.loop_stop,50,1,1,1,0,False,1,False
src/bridge_core.py,MqttClientProtocol.connect_async,51,1,1,1,3,False,1,False
src/bridge_core.py,MqttClientProtocol.disconnect,52,1,1,1,0,False,9,False
src/bridge_core.py,MqttClientProtocol.is_connected,53,1,1,1,0,False,41,False
src/bridge_core.py,MeshCoreCommandsProtocol.send_msg,56,1,1,1,2,True,0,False
src/bridge_core.py,MeshCoreCommandsProtocol.send_chan_msg,57,1,1,1,2,True,0,False
src/bridge_core.py,MeshCoreCommandsProtocol.get_contacts,58,1,1,1,0,True,0,False
src/bridge_core.py,MeshCoreCommandsProtocol.set_tx_power,59,1,1,1,1,True,0,False
src/bridge_core.py,MeshCoreCommandsProtocol.set_name,60,1,1,1,1,True,0,False
src/bridge_core.py,MeshCoreCommandsProtocol.reboot,61,1,1,1,0,True,0,False
src/bridge_core.py,MeshCoreCommandsProtocol.req_telemetry,62,1,1,1,0,True,0,False
src/bridge_core.py,MeshCoreProtocol.disconnect,67,1,1,1,0,True,9,False
src/bridge_core.py,MeshCoreProtocol.get_contact_by_key_prefix,68,1,1,1,1,False,1,False
src/bridge_core.py,MeshCoreBridge.__init__,74,17,1,11,1,False,7,False
src/bridge_core.py,MeshCoreBridge._init_storage_and_network,92,44,2,13,0,False,1,False
src/bridge_core.py,MeshCoreBridge.register_pending_ack,137,16,7,10,3,False,1,False
src/bridge_core.py,MeshCoreBridge.resolve_pending_ack,154,8,4,7,1,False,1,False
src/bridge_core.py,MeshCoreBridge._init_adapters_and_watchdog,163,37,4,15,0,False,1,False
src/bridge_core.py,MeshCoreBridge._broadcast_system_log,201,7,3,5,1,False,2,False
src/bridge_core.py,MeshCoreBridge._schedule_background,209,30,9,16,1,False,5,False
src/bridge_core.py,MeshCoreBridge._schedule_background.launch,223,7,3,5,0,False,2,False
src/bridge_core.py,MeshCoreBridge._on_raw_companion_frame_rx,240,13,8,11,1,False,1,False
src/bridge_core.py,MeshCoreBridge.handle_tcp_companion_command,254,26,13,20,3,True,1,False
src/bridge_core.py,MeshCoreBridge._init_metrics_and_tasks,281,12,1,11,0,False,1,False
src/bridge_core.py,MeshCoreBridge.reset_counters,294,11,5,10,0,False,1,False
src/bridge_core.py,MeshCoreBridge._add_background_task,306,5,1,4,1,False,5,False
src/bridge_core.py,MeshCoreBridge._background_task_done,312,9,3,6,1,False,2,False
src/bridge_core.py,MeshCoreBridge._get_lifecycle_lock,322,6,2,5,0,False,2,False
src/bridge_core.py,MeshCoreBridge._cleanup_loop,329,13,8,11,0,True,1,False
src/bridge_core.py,MeshCoreBridge._create_web_server,343,9,2,4,0,False,1,False
src/bridge_core.py,MeshCoreBridge._create_tcp_server,353,9,2,4,0,False,1,False
src/bridge_core.py,MeshCoreBridge._build_sub_components,363,57,1,6,0,False,1,False
src/bridge_core.py,MeshCoreBridge.mqtt_client,423,2,1,1,0,False,13,False
src/bridge_core.py,MeshCoreBridge.mqtt_client,427,2,1,1,1,False,13,False
src/bridge_core.py,MeshCoreBridge.mqtt_connected,431,2,1,1,0,False,2,False
src/bridge_core.py,MeshCoreBridge.mqtt_connected,435,2,1,1,1,False,2,False
src/bridge_core.py,MeshCoreBridge.mqtt_reconnect_count,439,2,1,1,0,False,1,False
src/bridge_core.py,MeshCoreBridge.mqtt_reconnect_count,443,2,1,1,1,False,1,False
src/bridge_core.py,MeshCoreBridge.last_serial_activity,447,2,1,1,0,False,1,False
src/bridge_core.py,MeshCoreBridge.last_serial_activity,451,2,1,1,1,False,1,False
src/bridge_core.py,MeshCoreBridge.mc,455,6,3,5,0,False,393,False
src/bridge_core.py,MeshCoreBridge.mc,463,3,2,2,1,False,393,False
src/bridge_core.py,MeshCoreBridge.publish_mqtt_safe,467,8,1,1,4,False,1,False
src/bridge_core.py,MeshCoreBridge.get_health,476,23,8,9,0,False,3,False
src/bridge_core.py,MeshCoreBridge.resolve_sender_name,500,6,3,4,1,False,2,False
src/bridge_core.py,MeshCoreBridge._create_serial_adapter,507,11,2,4,0,False,1,False
src/bridge_core.py,MeshCoreBridge.start,519,23,7,20,0,True,10,False
src/bridge_core.py,MeshCoreBridge._start_subsystems,543,40,4,18,0,True,1,False
src/bridge_core.py,MeshCoreBridge.stop,584,4,1,3,0,True,13,False
src/bridge_core.py,MeshCoreBridge._stop_subsystems,589,63,25,40,0,True,2,False
src/bridge_core.py,MeshCoreBridge.shutdown,653,3,1,2,0,True,0,True
src/bridge_core.py,MeshCoreBridge._auto_bootstrap_heltec_state,657,72,20,31,0,True,1,False
src/bridge_core.py,MeshCoreBridge._reconnect_serial,730,11,2,8,0,True,1,False
src/bridge_core.py,MeshCoreBridge._parse_tx_input,743,20,7,18,1,False,1,False
src/bridge_core.py,MeshCoreBridge._validate_tx_target,764,9,4,8,3,False,1,False
src/bridge_core.py,MeshCoreBridge._record_tx_packet,774,27,8,8,5,False,1,False
src/bridge_core.py,MeshCoreBridge._execute_tx,802,84,28,52,1,True,2,False
src/bridge_core.py,MeshCoreBridge.handle_admin,887,3,1,2,1,True,19,False
src/bridge_core.py,MeshCoreBridge.on_mesh_event,894,6,3,5,1,False,2,False
src/bridge_core.py,MeshCoreBridge._on_incoming_mqtt_message,904,12,4,9,2,False,2,False
src/bridge_core.py,MeshCoreBridge.on_mqtt_message,917,19,4,11,3,False,0,True
src/bridge_core.py,MeshCoreBridge._execute_tx_transmission,937,18,9,16,1,True,1,False
src/bridge_core.py,MeshCoreBridge._on_duty_cycle_alert,956,27,4,10,2,False,1,False
src/bridge_core.py,MeshCoreBridge._on_airtime_cutoff_change,984,25,7,12,2,False,1,False
src/bridge_core.py,MeshCoreBridge.run_forever,1011,64,12,30,0,False,2,False
src/bridge_core.py,MeshCoreBridge.run_forever._stop_task,1023,17,2,6,0,False,1,False
src/bridge_core.py,MeshCoreBridge.run_forever._stop_task._async_shutdown,1029,7,2,4,0,True,1,False
src/contact_manager.py,_safe_int,34,6,2,5,1,False,41,False
src/contact_manager.py,_safe_float,42,3,1,2,1,False,37,False
src/contact_manager.py,NodeContactInfo.__init__,147,171,11,13,77,False,7,False
src/contact_manager.py,NodeContactInfo.public_key,321,2,1,1,0,False,37,False
src/contact_manager.py,NodeContactInfo.name,325,2,1,1,0,False,131,False
src/contact_manager.py,NodeContactInfo.alias,329,2,1,1,0,False,46,False
src/contact_manager.py,NodeContactInfo.role,333,2,1,1,0,False,46,False
src/contact_manager.py,NodeContactInfo.owner_name,337,2,1,1,0,False,2,False
src/contact_manager.py,NodeContactInfo.owner_info,341,2,1,1,0,False,2,False
src/contact_manager.py,NodeContactInfo.firmware_version,345,2,1,1,0,False,2,False
src/contact_manager.py,NodeContactInfo.hardware_board,349,2,1,1,0,False,3,False
src/contact_manager.py,NodeContactInfo.is_local,353,2,1,1,0,False,14,False
src/contact_manager.py,NodeContactInfo.auto_discovered,357,2,1,1,0,False,3,False
src/contact_manager.py,NodeContactInfo.discovery_time,361,2,1,1,0,False,2,False
src/contact_manager.py,NodeContactInfo.verified_identity,365,2,1,1,0,False,2,False
src/contact_manager.py,NodeContactInfo.is_favorite,369,2,1,1,0,False,2,False
src/contact_manager.py,NodeContactInfo.hops,374,2,1,1,0,False,34,False
src/contact_manager.py,NodeContactInfo.last_rssi,378,2,1,1,0,False,13,False
src/contact_manager.py,NodeContactInfo.last_snr,382,2,1,1,0,False,13,False
src/contact_manager.py,NodeContactInfo.noise_floor_dbm,386,2,1,1,0,False,2,False
src/contact_manager.py,NodeContactInfo.lqi_score,390,2,1,1,0,False,14,False
src/contact_manager.py,NodeContactInfo.lqi_status,394,2,1,1,0,False,10,False
src/contact_manager.py,NodeContactInfo.best_route,398,2,1,1,0,False,4,False
src/contact_manager.py,NodeContactInfo.tx_power,402,2,1,1,0,False,2,False
src/contact_manager.py,NodeContactInfo.max_tx_power,406,2,1,1,0,False,6,False
src/contact_manager.py,NodeContactInfo.hop_limit,410,2,1,1,0,False,8,False
src/contact_manager.py,NodeContactInfo.frequency,414,2,1,1,0,False,2,False
src/contact_manager.py,NodeContactInfo.spreading_factor,418,2,1,1,0,False,2,False
src/contact_manager.py,NodeContactInfo.bandwidth,422,2,1,1,0,False,2,False
src/contact_manager.py,NodeContactInfo.coding_rate,426,2,1,1,0,False,2,False
src/contact_manager.py,NodeContactInfo.repeat_enabled,430,2,1,1,0,False,4,False
src/contact_manager.py,NodeContactInfo.advert_interval,434,2,1,1,0,False,2,False
src/contact_manager.py,NodeContactInfo.flood_advert_interval,438,2,1,1,0,False,2,False
src/contact_manager.py,NodeContactInfo.allow_read_only,442,2,1,1,0,False,2,False
src/contact_manager.py,NodeContactInfo.flags,446,2,1,1,0,False,15,False
src/contact_manager.py,NodeContactInfo.last_advert,450,2,1,1,0,False,4,False
src/contact_manager.py,NodeContactInfo.last_advert_heard_at,454,2,1,1,0,False,5,False
src/contact_manager.py,NodeContactInfo.last_rx_at,458,2,1,1,0,False,3,False
src/contact_manager.py,NodeContactInfo.last_rx_route,462,2,1,1,0,False,3,False
src/contact_manager.py,NodeContactInfo.out_path,466,2,1,1,0,False,11,False
src/contact_manager.py,NodeContactInfo.out_path_len,470,2,1,1,0,False,17,False
src/contact_manager.py,NodeContactInfo.out_path_hash_mode,474,2,1,1,0,False,9,False
src/contact_manager.py,NodeContactInfo.out_route_state,478,2,1,1,0,False,4,False
src/contact_manager.py,NodeContactInfo.out_path_hash_size_bytes,482,2,1,1,0,False,3,False
src/contact_manager.py,NodeContactInfo.hops_source,486,2,1,1,0,False,3,False
src/contact_manager.py,NodeContactInfo.battery_pct,491,2,1,1,0,False,5,False
src/contact_manager.py,NodeContactInfo.voltage_v,495,2,1,1,0,False,3,False
src/contact_manager.py,NodeContactInfo.duty_cycle_pct,499,2,1,1,0,False,5,False
src/contact_manager.py,NodeContactInfo.solar_v,503,2,1,1,0,False,2,False
src/contact_manager.py,NodeContactInfo.temperature_c,507,2,1,1,0,False,3,False
src/contact_manager.py,NodeContactInfo.humidity_pct,511,2,1,1,0,False,3,False
src/contact_manager.py,NodeContactInfo.pressure_hpa,515,2,1,1,0,False,3,False
src/contact_manager.py,NodeContactInfo.latitude,519,2,2,1,0,False,14,False
src/contact_manager.py,NodeContactInfo.longitude,523,2,2,1,0,False,10,False
src/contact_manager.py,NodeContactInfo.lat,527,2,1,1,0,False,19,False
src/contact_manager.py,NodeContactInfo.lon,531,2,1,1,0,False,19,False
src/contact_manager.py,NodeContactInfo.altitude_m,535,2,1,1,0,False,3,False
src/contact_manager.py,NodeContactInfo.fixed_position,539,2,1,1,0,False,5,False
src/contact_manager.py,NodeContactInfo.adv_lat,543,2,2,1,0,False,11,False
src/contact_manager.py,NodeContactInfo.adv_lon,547,2,2,1,0,False,11,False
src/contact_manager.py,NodeContactInfo.position_valid,551,2,1,1,0,False,4,False
src/contact_manager.py,NodeContactInfo.position_source,555,2,1,1,0,False,4,False
src/contact_manager.py,NodeContactInfo.position_updated_at,559,2,1,1,0,False,4,False
src/contact_manager.py,NodeContactInfo.uptime,563,2,1,1,0,False,2,False
src/contact_manager.py,NodeContactInfo.clock,567,2,1,1,0,False,3,False
src/contact_manager.py,NodeContactInfo.airtime_ms,571,2,1,1,0,False,21,False
src/contact_manager.py,NodeContactInfo.rx_packets,575,2,1,1,0,False,5,False
src/contact_manager.py,NodeContactInfo.tx_packets,579,2,1,1,0,False,5,False
src/contact_manager.py,NodeContactInfo.error_count,583,2,1,1,0,False,6,False
src/contact_manager.py,NodeContactInfo.connected_clients_count,587,2,1,1,0,False,2,False
src/contact_manager.py,NodeContactInfo.packets_sent,591,2,1,1,0,False,2,False
src/contact_manager.py,NodeContactInfo.packets_recv,595,2,1,1,0,False,2,False
src/contact_manager.py,NodeContactInfo.duplicate_packets,599,2,1,1,0,False,2,False
src/contact_manager.py,NodeContactInfo.packet_errors,603,2,1,1,0,False,2,False
src/contact_manager.py,NodeContactInfo.queue_len,607,2,1,1,0,False,4,False
src/contact_manager.py,NodeContactInfo.neighbors,611,2,1,1,0,False,4,False
src/contact_manager.py,NodeContactInfo.last_seen,615,2,1,1,0,False,14,False
src/contact_manager.py,NodeContactInfo.as_flat_dict,618,7,1,6,0,False,4,False
src/contact_manager.py,NodeContactInfo.replace_fields,626,5,1,4,0,False,1,False
src/contact_manager.py,NodeContactInfo.to_dict,632,108,41,91,2,False,27,False
src/contact_manager.py,NodeContactUpdate.from_dict,818,11,8,10,1,False,3,False
src/contact_manager.py,is_valid_node_key,872,14,12,13,1,False,26,False
src/contact_manager.py,NodeRegistry.__init__,891,17,1,9,0,False,7,False
src/contact_manager.py,NodeRegistry._mark_dirty,909,4,1,3,0,False,5,False
src/contact_manager.py,NodeRegistry.set_local_pubkey,914,47,20,34,1,False,5,False
src/contact_manager.py,NodeRegistry.get_local_pubkey,962,3,1,2,0,False,2,False
src/contact_manager.py,NodeRegistry.local_pubkey,967,3,1,2,0,False,1,False
src/contact_manager.py,NodeRegistry.is_local_key,971,9,8,8,1,False,32,False
src/contact_manager.py,NodeRegistry._find_existing_key,981,31,24,16,2,False,5,False
src/contact_manager.py,NodeRegistry.get_canonical_key,1014,7,3,6,2,False,14,False
src/contact_manager.py,NodeRegistry._resolve_canonical_key_and_clean_locals,1022,39,20,27,3,False,1,False
src/contact_manager.py,NodeRegistry._compute_node_lqi,1062,34,16,23,3,False,1,False
src/contact_manager.py,NodeRegistry._resolve_node_role,1097,17,5,9,5,False,1,False
src/contact_manager.py,NodeRegistry._merge_field,1116,8,4,7,4,False,2,False
src/contact_manager.py,NodeRegistry._build_updated_contact,1125,110,16,24,5,False,1,False
src/contact_manager.py,NodeRegistry._build_updated_contact.u,1152,2,1,1,2,False,60,False
src/contact_manager.py,NodeRegistry.add_or_update,1236,55,29,37,2,False,24,False
src/contact_manager.py,NodeRegistry._classify_advert_role,1292,4,2,3,2,False,1,False
src/contact_manager.py,NodeRegistry._handle_local_discovery,1297,15,1,3,2,False,1,False
src/contact_manager.py,NodeRegistry.discover_node,1313,71,14,23,1,False,2,False
src/contact_manager.py,NodeRegistry.list_discovered,1385,8,6,7,0,False,1,False
src/contact_manager.py,NodeRegistry.accept_discovered_contact,1394,15,3,8,1,False,1,False
src/contact_manager.py,NodeRegistry._extract_telemetry_fields,1411,4,1,3,1,False,1,False
src/contact_manager.py,NodeRegistry.record_packet,1416,66,41,28,1,False,6,False
src/contact_manager.py,NodeRegistry.get_by_key_or_prefix,1483,29,13,14,1,False,14,False
src/contact_manager.py,NodeRegistry.find_by_name,1514,15,8,9,1,False,6,False
src/contact_manager.py,NodeRegistry.get,1530,3,1,2,1,False,1848,False
src/contact_manager.py,NodeRegistry.get_contact,1534,3,1,2,1,False,6,False
src/contact_manager.py,NodeRegistry.get_node,1538,3,1,2,1,False,4,False
src/contact_manager.py,NodeRegistry.resolve_name,1542,6,3,5,1,False,2,False
src/contact_manager.py,NodeRegistry.remove_node,1549,18,9,17,1,False,1,False
src/contact_manager.py,NodeRegistry.list_nodes,1568,4,1,3,0,False,19,False
src/contact_manager.py,NodeRegistry._list_nodes_snapshot,1573,44,20,32,0,False,2,False
src/contact_manager.py,NodeRegistry.is_repeater_key,1618,11,5,10,1,False,3,False
src/contact_manager.py,NodeRegistry.list_client_contacts,1630,8,5,2,0,False,2,False
src/contact_manager.py,NodeRegistry._extract_top_repeaters,1639,28,9,16,2,False,1,False
src/contact_manager.py,NodeRegistry._extract_top_repeaters.is_repeater_node,1641,9,5,4,1,False,1,False
src/contact_manager.py,NodeRegistry.get_analytics_summary,1668,36,12,14,0,False,1,False
src/contact_manager.py,NodeRegistry.reset_analytics,1705,19,2,10,0,False,2,False
src/contact_manager.py,NodeRegistry.get_all_lqi_metrics,1725,14,3,5,0,False,2,False
src/contact_manager.py,NodeRegistry.get_count,1740,3,1,2,0,False,4,False
src/contact_manager.py,NodeRegistry.cleanup_inactive,1744,22,9,14,1,False,1,False
src/contact_manager.py,NodeRegistry.save_to_file,1767,6,1,3,2,False,4,False
src/contact_manager.py,NodeRegistry._save_snapshot_to_file,1774,30,7,22,2,False,1,False
src/contact_manager.py,NodeRegistry.save_to_file_async,1805,3,1,2,2,True,1,False
src/contact_manager.py,NodeRegistry._deserialize_node_contact,1809,116,58,22,1,False,1,False
src/contact_manager.py,NodeRegistry._deserialize_node_contact._safe_int,1815,7,3,5,2,False,41,False
src/contact_manager.py,NodeRegistry._deserialize_node_contact._safe_float,1823,7,3,5,2,False,37,False
src/contact_manager.py,NodeRegistry.load_from_file,1926,38,15,33,1,False,1,False
src/deduplicator.py,PacketDeduplicator.__init__,20,11,3,4,4,False,7,False
src/deduplicator.py,PacketDeduplicator.__len__,32,3,1,2,0,False,0,True
src/deduplicator.py,PacketDeduplicator.__bool__,36,2,1,1,0,False,0,True
src/deduplicator.py,PacketDeduplicator._check_and_insert,39,17,4,12,1,False,1,False
src/deduplicator.py,PacketDeduplicator.is_duplicate,57,4,1,3,1,True,2,False
src/deduplicator.py,PacketDeduplicator._prune,62,9,3,7,1,False,4,False
src/diagnostics.py,SystemLogRecord.to_dict,37,14,1,2,0,False,27,False
src/diagnostics.py,SystemLogHandler.__init__,59,16,1,10,3,False,7,False
src/diagnostics.py,SystemLogHandler.emit,76,56,12,26,1,False,0,True
src/diagnostics.py,SystemLogHandler.get_logs,133,23,12,10,3,False,4,False
src/diagnostics.py,SystemLogHandler.clear,157,7,1,6,0,False,23,False
src/diagnostics.py,DiagnosticManager.__init__,172,3,2,2,2,False,7,False
src/diagnostics.py,DiagnosticManager.get_current_log_level,176,3,1,2,0,False,2,False
src/diagnostics.py,DiagnosticManager.set_log_level,180,14,5,12,1,False,1,False
src/diagnostics.py,DiagnosticManager.collect_health_snapshot,195,49,14,8,0,False,3,False
src/diagnostics.py,DiagnosticManager.generate_full_diagnostic_bundle,245,38,4,10,0,False,2,False
src/diagnostics.py,DiagnosticManager.generate_markdown_report,284,92,23,72,0,False,3,False
src/diagnostics.py,DiagnosticManager.get_raw_log_tail,377,18,5,13,1,False,2,False
src/diagnostics.py,DiagnosticManager.get_raw_log_tail_async,396,4,1,3,1,True,1,False
src/diagnostics.py,DiagnosticManager.get_raw_log_path,401,7,2,5,0,False,1,False
src/diagnostics.py,setup_file_logging,410,60,5,29,5,False,2,False
src/event_utils.py,extract_sender_from_payload,9,41,36,4,1,False,3,False
src/health_reporter.py,HealthReporter.__init__,38,4,1,3,2,False,7,False
src/health_reporter.py,HealthReporter.start,43,5,3,4,0,False,10,False
src/health_reporter.py,HealthReporter.stop,49,8,4,6,0,True,13,False
src/health_reporter.py,HealthReporter.build_payload,58,15,3,2,0,True,1,False
src/health_reporter.py,HealthReporter._loop,74,12,4,9,0,True,5,False
src/lqi_engine.py,LinkQualityEngine.compute_instant_lqi,46,50,13,31,3,False,3,False
src/lqi_engine.py,LinkQualityEngine.update_ema_lqi,98,33,6,18,3,False,1,False
src/lqi_engine.py,LinkQualityEngine.apply_time_decay,133,28,6,14,3,False,0,True
src/lqi_engine.py,LinkQualityEngine.classify_lqi_status,163,18,7,15,1,False,4,False
src/metrics_aggregator.py,MetricsAggregator.__init__,46,23,1,17,1,False,7,False
src/metrics_aggregator.py,MetricsAggregator._normalize_type,70,16,14,15,1,False,1,False
src/metrics_aggregator.py,MetricsAggregator._get_or_create_bucket,87,34,7,23,1,False,2,False
src/metrics_aggregator.py,MetricsAggregator.record_packet,122,59,11,35,8,False,6,False
src/metrics_aggregator.py,MetricsAggregator.record_error,182,6,2,5,2,False,4,False
src/metrics_aggregator.py,MetricsAggregator._record_error_locked,189,19,9,17,2,False,2,False
src/metrics_aggregator.py,MetricsAggregator.get_time_series,209,60,7,35,1,False,1,False
src/metrics_aggregator.py,MetricsAggregator.get_summary,270,53,3,21,1,False,1,False
src/metrics_aggregator.py,MetricsAggregator.reset,324,17,1,16,0,False,3,False
src/mqtt_client.py,_MockClient.__init__,28,4,1,3,0,False,7,False
src/mqtt_client.py,_MockClient.username_pw_set,33,1,1,1,0,False,1,False
src/mqtt_client.py,_MockClient.will_set,34,1,1,1,0,False,1,False
src/mqtt_client.py,_MockClient.connect,35,1,1,1,0,False,8,False
src/mqtt_client.py,_MockClient.loop_start,36,1,1,1,0,False,1,False
src/mqtt_client.py,_MockClient.loop_stop,37,1,1,1,0,False,1,False
src/mqtt_client.py,_MockClient.disconnect,38,1,1,1,0,False,9,False
src/mqtt_client.py,_MockClient.subscribe,39,1,1,1,0,False,2,False
src/mqtt_client.py,_MockClient.publish,40,1,1,1,0,False,3,False
src/mqtt_client.py,AsyncBridgeMQTTClient.__init__,62,52,3,31,2,False,7,False
src/mqtt_client.py,AsyncBridgeMQTTClient.start,115,16,3,9,1,False,10,False
src/mqtt_client.py,AsyncBridgeMQTTClient.stop,132,31,8,21,0,False,13,False
src/mqtt_client.py,AsyncBridgeMQTTClient.publish_safe,164,29,6,16,5,False,31,False
src/mqtt_client.py,AsyncBridgeMQTTClient._on_connect,194,37,5,21,4,False,1,False
src/mqtt_client.py,AsyncBridgeMQTTClient._on_disconnect,232,17,4,8,4,False,1,False
src/mqtt_client.py,AsyncBridgeMQTTClient._on_message,250,26,8,19,3,False,1,False
src/mqtt_dispatcher.py,MqttInboundDispatcher.__init__,35,2,1,1,1,False,7,False
src/mqtt_dispatcher.py,MqttInboundDispatcher.handle_incoming,38,44,8,21,2,False,1,False
src/mqtt_dispatcher.py,MqttInboundDispatcher.handle_incoming.schedule,58,9,3,7,0,False,4,False
src/mqtt_dispatcher.py,MqttInboundDispatcher.topic_tx_status,84,4,3,3,0,False,5,False
src/mqtt_dispatcher.py,MqttInboundDispatcher.topic_admin_stat,90,4,3,3,0,False,2,False
src/mqtt_dispatcher.py,MqttInboundDispatcher.topic_admin_repeater,96,5,3,4,0,False,4,False
src/mqtt_dispatcher.py,MqttInboundDispatcher._process_mqtt_input,102,22,10,19,2,True,1,False
src/mqtt_dispatcher.py,MqttInboundDispatcher._handle_tx_request,125,97,24,53,1,True,1,False
src/mqtt_dispatcher.py,MqttInboundDispatcher._reject_tx_input,223,5,1,1,1,False,2,False
src/mqtt_dispatcher.py,MqttInboundDispatcher._handle_admin_request,229,25,6,12,1,True,1,False
src/packet_buffer.py,CapturedPacket.to_dict,45,7,2,5,0,False,27,False
src/packet_buffer.py,PacketBuffer.__init__,78,6,1,5,1,False,7,False
src/packet_buffer.py,PacketBuffer.record,85,78,9,30,13,False,24,False
src/packet_buffer.py,PacketBuffer.get_packets,164,23,10,14,4,False,2,False
src/packet_buffer.py,PacketBuffer.clear,188,5,2,4,0,False,23,False
src/packet_buffer.py,PacketBuffer.generate_json,194,11,2,4,0,False,1,False
src/packet_buffer.py,PacketBuffer.generate_csv,206,46,8,8,0,False,1,False
src/packet_buffer.py,PacketBuffer.generate_pcap,253,42,3,22,0,False,1,False
src/preflight.py,PreflightChecker.__init__,27,2,1,1,0,False,7,False
src/preflight.py,PreflightChecker.check_mqtt_broker,30,19,2,7,3,False,1,False
src/preflight.py,PreflightChecker.check_serial_port,50,47,7,17,1,False,1,False
src/preflight.py,PreflightChecker.check_tcp_companion_port,98,29,4,11,3,False,1,False
src/preflight.py,PreflightChecker.run_all,128,39,10,10,6,False,5,False
src/preflight.py,PreflightChecker.run_all_async,168,21,1,3,6,True,1,False
src/preflight.py,run_preflight_checks,191,22,4,7,6,False,0,False
src/protocol_types.py,compute_crc16_ccitt,233,11,4,9,3,False,2,False
src/protocol_types.py,FrameHeader.opcode,258,3,1,2,0,False,9,False
src/protocol_types.py,FrameHeader.__post_init__,262,11,6,10,0,False,0,True
src/protocol_types.py,FrameHeader.pack,274,11,1,2,0,False,19,False
src/protocol_types.py,FrameHeader.unpack,287,13,2,5,1,False,19,False
src/protocol_types.py,MeshCoreSDKProtocol.get_contact_by_name,310,1,1,1,1,False,0,False
src/protocol_types.py,MeshCoreSDKProtocol.get_contact_by_key_prefix,311,1,1,1,1,False,1,False
src/protocol_types.py,MeshCoreSDKProtocol.start_auto_message_fetching,312,1,1,1,0,True,1,False
src/protocol_types.py,MeshCoreSDKProtocol.ensure_contacts,313,1,1,1,0,True,1,False
src/protocol_types.py,MeshCoreSDKProtocol.disconnect,314,1,1,1,0,True,9,False
src/protocol_types.py,MeshCoreSDKProtocol.stop,315,1,1,1,0,False,13,False
src/protocol_types.py,MeshCoreSDKProtocol.close,316,1,1,1,0,False,23,False
src/protocol_types.py,MeshCoreSDKProtocol.subscribe,317,1,1,1,2,False,2,False
src/protocol_types.py,parse_status_response,322,52,6,36,3,False,1,False
src/protocol_types.py,TelemetryPayload.pack,395,15,1,4,0,False,19,False
src/protocol_types.py,TelemetryPayload.unpack,412,14,2,4,1,False,19,False
src/protocol_types.py,TelemetryPayload.to_dict,427,2,1,1,0,False,27,False
src/protocol_types.py,truncate_utf8_bytes,431,12,4,10,2,False,4,False
src/protocol_types.py,TextMessagePayload.pack,452,4,1,3,0,False,19,False
src/protocol_types.py,TextMessagePayload.unpack,458,9,3,8,1,False,19,False
src/protocol_types.py,TextMessagePayload.to_dict,468,2,1,1,0,False,27,False
src/protocol_types.py,NodeAdvertisement.pack,484,17,2,6,0,False,19,False
src/protocol_types.py,NodeAdvertisement.unpack,503,20,3,9,1,False,19,False
src/protocol_types.py,NodeAdvertisement.to_dict,524,4,1,3,0,False,27,False
src/protocol_types.py,AckPayload.pack,536,2,1,1,0,False,19,False
src/protocol_types.py,AckPayload.unpack,540,5,2,4,1,False,19,False
src/protocol_types.py,AckPayload.to_dict,546,2,1,1,0,False,27,False
src/protocol_types.py,RouteObservation.to_dict,564,2,1,1,0,False,27,False
src/protocol_types.py,normalize_hash_mode,568,19,9,18,1,False,4,False
src/protocol_types.py,hash_mode_to_bytes,589,6,2,5,1,False,1,False
src/protocol_types.py,decode_path_hashes,597,80,16,44,3,False,1,False
src/protocol_types.py,MeshcoreFrame.serialize,693,22,4,17,0,False,0,False
src/protocol_types.py,MeshcoreFrame.parse_raw_packet,717,38,9,24,2,False,1,False
src/protocol_types.py,MeshcoreFrame.to_mqtt_event,756,27,2,6,0,False,1,False
src/protocol_types.py,redact_command_str,822,20,5,12,1,False,7,False
src/protocol_types.py,redact_sensitive_mapping,844,20,11,13,1,False,11,False
src/protocol_types.py,redact_sensitive_dict,866,12,5,8,1,False,12,False
src/protocol_types.py,__getattr__,887,12,2,7,1,False,0,True
src/rate_limiter.py,estimate_lora_airtime_ms,46,26,8,16,2,False,2,False
src/rate_limiter.py,CustomTxQueue.__init__,91,3,1,2,1,False,7,False
src/rate_limiter.py,CustomTxQueue._evict_low_priority_if_needed,95,17,8,16,0,False,3,False
src/rate_limiter.py,CustomTxQueue.put_nowait,113,3,1,2,1,False,2,False
src/rate_limiter.py,CustomTxQueue.put,117,3,1,2,1,True,1,False
src/rate_limiter.py,CustomTxQueue._put,121,36,9,18,1,False,1,False
src/rate_limiter.py,CustomTxQueue._get,158,2,1,1,0,False,1,False
src/rate_limiter.py,AirtimeRecord.to_dict,170,7,1,1,0,False,27,False
src/rate_limiter.py,AirtimeRecord.from_dict,179,7,1,1,1,False,3,False
src/rate_limiter.py,AirtimeTracker.__init__,195,37,2,24,8,False,7,False
src/rate_limiter.py,AirtimeTracker.load_history,233,87,23,62,0,False,1,False
src/rate_limiter.py,AirtimeTracker.save_history,321,40,20,23,1,False,4,False
src/rate_limiter.py,AirtimeTracker._write_history,362,14,3,12,1,False,2,False
src/rate_limiter.py,AirtimeTracker._drain_history,377,7,2,5,0,True,1,False
src/rate_limiter.py,AirtimeTracker.flush_history,385,5,2,4,0,True,1,False
src/rate_limiter.py,AirtimeTracker.record_tx,392,41,8,28,3,False,3,False
src/rate_limiter.py,AirtimeTracker._prune,434,5,3,4,1,False,4,False
src/rate_limiter.py,AirtimeTracker.get_stats,440,69,16,34,0,False,9,False
src/rate_limiter.py,AirtimeTracker.update_channel_utilization,510,49,11,31,1,False,2,False
src/rate_limiter.py,AirtimeTracker.is_cutoff_active,560,4,2,3,0,False,2,False
src/rate_limiter.py,TxRateLimiter.__init__,572,48,6,22,11,False,7,False
src/rate_limiter.py,TxRateLimiter.update_channel_utilization,621,3,1,2,1,False,2,False
src/rate_limiter.py,TxRateLimiter.is_cutoff_active,625,3,1,2,0,False,2,False
src/rate_limiter.py,TxRateLimiter.start,630,7,3,6,0,False,10,False
src/rate_limiter.py,TxRateLimiter.stop,638,27,10,21,0,True,13,False
src/rate_limiter.py,TxRateLimiter.submit,666,56,14,30,5,True,4,False
src/rate_limiter.py,TxRateLimiter.get_queue_depth,723,3,1,2,0,False,6,False
src/rate_limiter.py,TxRateLimiter._worker_loop,727,69,31,42,0,True,1,False
src/repeater_manager.py,RepeaterManager.__init__,26,22,1,12,7,False,7,False
src/repeater_manager.py,RepeaterManager.is_airtime_cutoff_active,49,3,2,2,0,False,4,False
src/repeater_manager.py,RepeaterManager._find_matching_key,53,9,7,8,2,False,2,False
src/repeater_manager.py,RepeaterManager._get_last_ts,63,4,2,3,2,False,4,False
src/repeater_manager.py,RepeaterManager._record_ts,68,11,3,8,3,False,5,False
src/repeater_manager.py,RepeaterManager.check_airtime_cooldown,80,23,6,12,3,False,4,False
src/repeater_manager.py,RepeaterManager.build_cooldown_error_response,104,14,2,5,1,False,7,False
src/repeater_manager.py,RepeaterManager.record_command_sent,119,7,2,6,2,False,4,False
src/repeater_manager.py,RepeaterManager.check_ping_cooldown,127,12,4,10,2,False,1,False
src/repeater_manager.py,RepeaterManager.record_ping_sent,140,3,1,2,1,False,1,False
src/repeater_manager.py,RepeaterManager.check_traceroute_cooldown,144,12,4,10,2,False,1,False
src/repeater_manager.py,RepeaterManager.record_traceroute_sent,157,3,1,2,1,False,1,False
src/repeater_manager.py,RepeaterManager.check_neighbours_cooldown,161,12,4,10,2,False,1,False
src/repeater_manager.py,RepeaterManager.record_neighbours_sent,174,3,1,2,1,False,1,False
src/repeater_manager.py,RepeaterManager.build_repeater_command_payload,179,44,15,28,2,False,13,False
src/repeater_manager.py,RepeaterManager._build_preformatted_command,224,25,9,16,1,False,1,False
src/repeater_manager.py,RepeaterManager._build_query_cmd,250,93,2,5,1,False,2,False
src/repeater_manager.py,RepeaterManager._build_radio_cmd,344,48,26,42,2,False,2,False
src/repeater_manager.py,RepeaterManager._build_owner_and_location_cmd,393,68,31,54,2,False,1,False
src/repeater_manager.py,RepeaterManager._build_acl_and_security_cmd,462,68,20,45,2,False,3,False
src/repeater_manager.py,RepeaterManager._integer,532,8,5,6,1,False,8,False
src/repeater_manager.py,RepeaterManager._boolean,542,8,4,7,1,False,6,False
src/repeater_manager.py,RepeaterManager._text,552,2,4,1,2,False,4,False
src/repeater_manager.py,RepeaterManager.response_is_error,556,5,2,4,1,False,4,False
src/repeater_manager.py,RepeaterManager.command_parameters,563,31,12,25,1,False,2,False
src/repeater_manager.py,RepeaterManager.parse_command_response,595,29,13,20,2,False,2,False
src/repeater_manager.py,RepeaterManager.parse_repeater_telemetry_or_response,625,24,3,14,1,False,4,False
src/repeater_manager.py,RepeaterManager._parse_auth_status,650,19,5,7,3,False,1,False
src/repeater_manager.py,RepeaterManager._extract_json_power,671,28,13,22,2,False,1,False
src/repeater_manager.py,RepeaterManager._extract_json_system,701,74,42,65,2,False,1,False
src/repeater_manager.py,RepeaterManager._extract_json_radio_and_coords,777,54,36,43,2,False,1,False
src/repeater_manager.py,RepeaterManager._parse_json_telemetry,832,16,5,12,2,False,1,False
src/repeater_manager.py,RepeaterManager._parse_battery_and_voltage,849,52,23,43,2,False,1,False
src/repeater_manager.py,RepeaterManager._parse_radio_parameters,902,61,19,47,2,False,1,False
src/repeater_manager.py,RepeaterManager._parse_system_metrics,964,91,38,78,2,False,1,False
src/repeater_manager.py,RepeaterManager._parse_owner_and_location,1056,39,14,31,2,False,1,False
src/routers/advert_handler.py,_get_coord,17,7,5,6,3,False,5,False
src/routers/advert_handler.py,_safe_int,26,3,2,2,1,False,41,False
src/routers/advert_handler.py,_safe_float,31,3,2,2,1,False,37,False
src/routers/advert_handler.py,AdvertHandler.can_handle,40,26,21,8,2,False,1,False
src/routers/advert_handler.py,AdvertHandler.handle,67,109,36,43,4,True,2,False
src/routers/base.py,BaseRxHandler.can_handle,45,3,1,2,2,False,1,False
src/routers/base.py,BaseRxHandler.handle,49,12,1,2,4,True,2,False
src/routers/channel_handler.py,ChannelMessageHandler.can_handle,16,15,9,4,2,False,1,False
src/routers/channel_handler.py,ChannelMessageHandler.handle,32,36,6,15,4,True,2,False
src/routers/direct_handler.py,DirectMessageHandler.can_handle,17,9,5,3,2,False,1,False
src/routers/direct_handler.py,DirectMessageHandler.handle,27,38,6,16,4,True,2,False
src/routers/repeater_handler.py,RepeaterAdminHandler.can_handle,22,19,10,6,2,False,1,False
src/routers/repeater_handler.py,RepeaterAdminHandler.handle,42,162,51,69,4,True,2,False
src/routers/system_handler.py,SystemHandler.can_handle,21,14,3,5,2,False,1,False
src/routers/system_handler.py,SystemHandler.handle,36,58,15,37,4,True,2,False
src/routers/telemetry_handler.py,TelemetryHandler.can_handle,18,12,8,3,2,False,1,False
src/routers/telemetry_handler.py,TelemetryHandler.handle,31,49,17,27,4,True,2,False
src/rx_router.py,_get_coord,59,15,10,14,3,False,5,False
src/rx_router.py,_location_pair,76,9,5,7,1,False,2,False
src/rx_router.py,extract_sender_from_text,87,25,12,17,1,False,1,False
src/rx_router.py,is_command_or_system_message,135,35,10,19,2,False,2,False
src/rx_router.py,is_common_chat_message,172,12,4,6,3,False,2,False
src/rx_router.py,RxEventRouter.__init__,217,31,4,13,1,False,7,False
src/rx_router.py,RxEventRouter.handle_event,249,149,62,75,1,False,1,False
src/rx_router.py,RxEventRouter._register_task,399,6,2,4,1,False,4,False
src/rx_router.py,RxEventRouter._spawn_broadcast_task,406,12,5,10,1,False,12,False
src/rx_router.py,RxEventRouter._extract_normalized_meta,419,149,68,102,1,False,1,False
src/rx_router.py,RxEventRouter._extract_battery_percentage,570,4,1,3,1,False,1,False
src/rx_router.py,RxEventRouter._resolve_effective_role,576,19,8,18,3,False,1,False
src/rx_router.py,RxEventRouter._update_node_registry_presence,596,60,22,14,2,False,1,False
src/rx_router.py,RxEventRouter._handle_rf_log_observation,657,58,22,19,2,False,1,False
src/rx_router.py,RxEventRouter._handle_path_update,716,33,8,7,2,False,1,False
src/rx_router.py,RxEventRouter._handle_path_update._query_and_update_path,722,23,8,12,1,True,1,False
src/rx_router.py,RxEventRouter._resolve_sender_name,750,6,3,4,1,False,2,False
src/rx_router.py,RxEventRouter._handle_mesh_msg_common,757,165,43,64,2,True,2,False
src/rx_router.py,RxEventRouter._handle_mesh_channel_msg,923,15,5,8,1,True,1,False
src/rx_router.py,RxEventRouter._handle_mesh_direct_msg,939,13,3,7,1,True,1,False
src/rx_router.py,RxEventRouter._handle_mesh_telemetry_msg,953,240,99,149,1,False,3,False
src/rx_router.py,RxEventRouter._dispatch_sdk_event,1194,16,2,5,4,True,1,False
src/rx_router.py,RxEventRouter._dispatch_parsed_frame,1211,35,12,26,1,True,1,False
src/sensor_decoder.py,_decode_digital_io,47,8,3,7,4,False,1,False
src/sensor_decoder.py,_decode_analog_io,57,9,3,8,4,False,1,False
src/sensor_decoder.py,_decode_scalar_sensors,68,67,16,58,4,False,1,False
src/sensor_decoder.py,_decode_multiaxis_or_gps,137,30,6,27,4,False,1,False
src/sensor_decoder.py,CayenneLPPDecoder.decode,173,45,9,30,1,False,23,False
src/sensor_decoder.py,_extract_lpp_telemetry,220,20,10,17,2,False,1,False
src/sensor_decoder.py,_parse_lpp_candidate_list,242,12,4,10,2,False,1,False
src/sensor_decoder.py,_map_lpp_item_to_res,256,42,21,40,4,False,1,False
src/sensor_decoder.py,_parse_lpp_gps_val,300,29,14,28,2,False,1,False
src/sensor_decoder.py,_extract_environment_telemetry,331,19,7,16,2,False,1,False
src/sensor_decoder.py,_extract_power_telemetry,352,55,31,47,2,False,1,False
src/sensor_decoder.py,_extract_system_telemetry,409,38,16,30,2,False,1,False
src/sensor_decoder.py,_extract_radio_telemetry,449,93,37,79,2,False,1,False
src/sensor_decoder.py,_extract_location_telemetry,545,40,28,35,2,False,1,False
src/sensor_decoder.py,extract_telemetry_fields,587,22,2,11,1,False,8,False
src/sensor_decoder.py,format_telemetry_summary,611,58,23,40,1,False,1,False
src/serial/raw_framing.py,RawSerialFramingAdapter.__init__,29,11,1,4,4,False,7,False
src/serial/raw_framing.py,RawSerialFramingAdapter.connect,41,5,1,4,0,True,8,False
src/serial/raw_framing.py,RawSerialFramingAdapter.disconnect,47,5,1,4,0,True,9,False
src/serial/raw_framing.py,RawSerialFramingAdapter.process_incoming_bytes,53,63,15,52,1,False,0,True
src/serial/raw_framing.py,RawSerialFramingAdapter.send_message,117,12,1,2,3,True,3,False
src/serial/sdk_adapter.py,_BootWaitSerialConnection.__init__,39,4,1,3,2,False,7,False
src/serial/sdk_adapter.py,_BootWaitSerialConnection.transport,45,2,1,1,0,False,6,False
src/serial/sdk_adapter.py,_BootWaitSerialConnection.transport,49,3,2,2,1,False,6,False
src/serial/sdk_adapter.py,_BootWaitSerialConnection.reader,54,2,1,1,0,False,24,False
src/serial/sdk_adapter.py,_BootWaitSerialConnection.reader,58,3,2,2,1,False,24,False
src/serial/sdk_adapter.py,_BootWaitSerialConnection._connected_event,63,2,1,1,0,False,0,False
src/serial/sdk_adapter.py,_BootWaitSerialConnection._background_tasks,67,2,1,1,0,False,22,False
src/serial/sdk_adapter.py,_BootWaitSerialConnection.connect,70,9,2,5,0,True,8,False
src/serial/sdk_adapter.py,_BootWaitSerialConnection.disconnect,80,2,1,1,0,True,9,False
src/serial/sdk_adapter.py,_BootWaitSerialConnection.send,83,2,1,1,1,True,2,False
src/serial/sdk_adapter.py,_BootWaitSerialConnection.set_reader,86,2,1,1,1,False,1,False
src/serial/sdk_adapter.py,_BootWaitSerialConnection.set_disconnect_callback,89,3,1,2,1,False,1,False
src/serial/sdk_adapter.py,_BootWaitSerialConnection.__getattr__,93,2,1,1,1,False,0,True
src/serial/sdk_adapter.py,_safe_truncate_utf8,97,6,4,5,2,False,2,False
src/serial/sdk_adapter.py,MeshcoreSDKAdapter.__init__,108,19,1,12,4,False,7,False
src/serial/sdk_adapter.py,MeshcoreSDKAdapter._observe_companion_frame,128,18,12,12,1,False,1,False
src/serial/sdk_adapter.py,MeshcoreSDKAdapter._raw_chat_permitted,147,32,21,29,1,False,1,False
src/serial/sdk_adapter.py,MeshcoreSDKAdapter.run_sdk_command,180,15,6,10,1,True,49,False
src/serial/sdk_adapter.py,MeshcoreSDKAdapter._serialize_sdk_response_waits,196,24,4,13,0,False,1,False
src/serial/sdk_adapter.py,MeshcoreSDKAdapter._serialize_sdk_response_waits.serialized_send,213,3,1,2,0,True,1,False
src/serial/sdk_adapter.py,MeshcoreSDKAdapter._command_error,222,6,4,3,1,False,5,False
src/serial/sdk_adapter.py,MeshcoreSDKAdapter.self_info,230,5,3,4,0,False,35,False
src/serial/sdk_adapter.py,MeshcoreSDKAdapter.self_info,237,2,1,1,1,False,35,False
src/serial/sdk_adapter.py,MeshcoreSDKAdapter.connect,240,12,3,8,0,True,8,False
src/serial/sdk_adapter.py,MeshcoreSDKAdapter._connect_with_stabilization,253,100,31,68,0,True,1,False
src/serial/sdk_adapter.py,MeshcoreSDKAdapter.disconnect,354,46,17,33,0,True,9,False
src/serial/sdk_adapter.py,MeshcoreSDKAdapter.is_hardware_alive,401,45,22,37,0,False,9,False
src/serial/sdk_adapter.py,MeshcoreSDKAdapter.ping_or_check_alive,447,33,16,28,0,True,1,False
src/serial/sdk_adapter.py,MeshcoreSDKAdapter._register_event_handlers,481,60,8,14,0,False,1,False
src/serial/sdk_adapter.py,MeshcoreSDKAdapter._register_event_handlers._hooked_handle_rx,491,4,1,3,1,True,1,False
src/serial/sdk_adapter.py,MeshcoreSDKAdapter._register_event_handlers._make_handler,501,33,1,1,1,False,1,False
src/serial/sdk_adapter.py,MeshcoreSDKAdapter._register_event_handlers._make_handler._handler,502,31,9,15,1,False,1,False
src/serial/sdk_adapter.py,MeshcoreSDKAdapter._register_event_handlers._make_handler._handler.schedule,511,12,5,5,0,False,4,False
src/serial/sdk_adapter.py,MeshcoreSDKAdapter._register_event_handlers._make_handler._handler.schedule.completed,516,6,3,5,1,False,1,False
src/serial/sdk_adapter.py,MeshcoreSDKAdapter._get_sdk_dispatch_map,542,56,9,16,0,False,1,False
src/serial/sdk_adapter.py,MeshcoreSDKAdapter._get_sdk_dispatch_map._make_generic_handler,579,4,1,1,1,False,1,False
src/serial/sdk_adapter.py,MeshcoreSDKAdapter._get_sdk_dispatch_map._make_generic_handler._h,580,2,1,1,1,False,1,False
src/serial/sdk_adapter.py,MeshcoreSDKAdapter._on_sdk_event,599,73,24,50,2,True,1,False
src/serial/sdk_adapter.py,MeshcoreSDKAdapter._initial_hardware_sync,673,41,10,24,0,True,1,False
src/serial/sdk_adapter.py,MeshcoreSDKAdapter._handle_direct_message,716,4,2,3,1,True,1,False
src/serial/sdk_adapter.py,MeshcoreSDKAdapter._handle_channel_message,721,4,2,3,1,True,1,False
src/serial/sdk_adapter.py,MeshcoreSDKAdapter._handle_channel_data,726,5,2,4,1,True,1,False
src/serial/sdk_adapter.py,MeshcoreSDKAdapter._handle_channel_info,732,56,19,36,1,True,1,False
src/serial/sdk_adapter.py,MeshcoreSDKAdapter._handle_status_response,789,5,2,4,1,True,1,False
src/serial/sdk_adapter.py,MeshcoreSDKAdapter._handle_telemetry_response,795,5,2,4,1,True,1,False
src/serial/sdk_adapter.py,MeshcoreSDKAdapter._handle_stats,801,5,2,4,2,True,3,False
src/serial/sdk_adapter.py,MeshcoreSDKAdapter._handle_battery,807,5,2,4,1,True,1,False
src/serial/sdk_adapter.py,MeshcoreSDKAdapter._handle_device_info,813,24,12,20,1,True,1,False
src/serial/sdk_adapter.py,MeshcoreSDKAdapter._handle_contacts_list,838,5,3,4,1,True,1,False
src/serial/sdk_adapter.py,MeshcoreSDKAdapter._handle_contact,844,5,2,4,1,True,1,False
src/serial/sdk_adapter.py,MeshcoreSDKAdapter._handle_new_contact,850,5,2,4,1,True,1,False
src/serial/sdk_adapter.py,MeshcoreSDKAdapter._handle_self_info,856,11,5,9,1,True,1,False
src/serial/sdk_adapter.py,MeshcoreSDKAdapter._handle_contact_deleted,868,5,2,4,1,True,1,False
src/serial/sdk_adapter.py,MeshcoreSDKAdapter._handle_msg_sent,874,5,2,4,1,True,1,False
src/serial/sdk_adapter.py,MeshcoreSDKAdapter._handle_ack,880,5,2,4,1,True,1,False
src/serial/sdk_adapter.py,MeshcoreSDKAdapter._handle_login_result,886,8,3,6,2,True,2,False
src/serial/sdk_adapter.py,MeshcoreSDKAdapter._handle_binary_response,895,5,2,4,1,True,1,False
src/serial/sdk_adapter.py,MeshcoreSDKAdapter._handle_trace_data,901,5,2,4,1,True,1,False
src/serial/sdk_adapter.py,MeshcoreSDKAdapter._handle_raw_data,907,5,2,4,1,True,1,False
src/serial/sdk_adapter.py,MeshcoreSDKAdapter._handle_log_data,913,11,5,9,1,True,2,False
src/serial/sdk_adapter.py,MeshcoreSDKAdapter._handle_control_data,925,5,2,4,1,True,1,False
src/serial/sdk_adapter.py,MeshcoreSDKAdapter._handle_generic_event,931,8,4,7,2,True,2,False
src/serial/sdk_adapter.py,MeshcoreSDKAdapter.send_raw_companion_frame,940,34,14,26,1,True,3,False
src/serial/sdk_adapter.py,MeshcoreSDKAdapter.send_message,975,99,36,60,3,True,3,False
src/serial/sdk_adapter.py,MeshcoreSDKAdapter._ensure_contact_for_tx,1075,86,38,56,2,True,1,False
src/serial/sdk_adapter.py,MeshcoreSDKAdapter._resolve_target,1162,15,1,3,2,False,13,False
src/serial/sdk_adapter.py,MeshcoreSDKAdapter.get_channels,1178,71,37,45,0,True,2,False
src/serial/sdk_adapter.py,MeshcoreSDKAdapter._channel_capacity,1250,8,4,6,0,False,3,False
src/serial/sdk_adapter.py,MeshcoreSDKAdapter.set_channel,1259,76,31,47,3,True,0,False
src/serial/sdk_adapter.py,MeshcoreSDKAdapter.delete_channel,1336,37,19,28,1,True,0,False
src/serial/sdk_adapter.py,MeshcoreSDKAdapter.add_contact,1374,41,16,24,1,True,1,False
src/serial/sdk_adapter.py,MeshcoreSDKAdapter.remove_contact,1416,33,15,27,1,True,0,False
src/serial/sdk_adapter.py,MeshcoreSDKAdapter.sync_all_contacts,1450,102,30,67,0,True,2,False
src/serial/sdk_adapter.py,MeshcoreSDKAdapter.share_contact,1553,25,13,20,1,True,1,False
src/serial/sdk_adapter.py,MeshcoreSDKAdapter.export_contact,1579,27,14,22,1,True,1,False
src/serial/sdk_adapter.py,MeshcoreSDKAdapter.import_contact,1607,10,6,8,1,True,1,False
src/serial/sdk_adapter.py,MeshcoreSDKAdapter.resolve_sender_name,1618,19,14,17,1,False,2,False
src/serial/serial_base.py,detect_serial_port,15,26,19,19,0,False,1,False
src/serial/serial_base.py,BaseSerialAdapter.resolve_port,47,10,7,5,1,False,2,False
src/serial/serial_base.py,BaseSerialAdapter.__init__,58,15,1,8,4,False,7,False
src/serial/serial_base.py,BaseSerialAdapter.set_rx_callback,74,2,1,1,1,False,2,False
src/serial/serial_base.py,BaseSerialAdapter.set_companion_rx_callback,77,2,1,1,1,False,1,False
src/serial/serial_base.py,BaseSerialAdapter.heartbeat,80,2,1,1,0,False,16,False
src/serial/serial_base.py,BaseSerialAdapter.send_raw_companion_frame,83,3,1,2,1,True,3,False
src/serial/serial_base.py,BaseSerialAdapter.connect,88,2,1,1,0,True,8,False
src/serial/serial_base.py,BaseSerialAdapter.disconnect,92,2,1,1,0,True,9,False
src/serial/serial_base.py,BaseSerialAdapter.send_message,96,7,1,1,3,True,3,False
src/serial/serial_base.py,BaseSerialAdapter.get_channels,104,3,1,2,0,True,2,False
src/serial/serial_base.py,BaseSerialAdapter.set_channel,108,3,1,2,3,True,0,False
src/serial/serial_base.py,BaseSerialAdapter.delete_channel,112,3,1,2,1,True,0,False
src/serial/serial_base.py,BaseSerialAdapter.add_contact,116,3,1,2,1,True,1,False
src/serial/serial_base.py,BaseSerialAdapter.remove_contact,120,3,1,2,1,True,0,False
src/serial/serial_base.py,BaseSerialAdapter.sync_all_contacts,124,3,1,2,0,True,2,False
src/serial/serial_base.py,BaseSerialAdapter.is_hardware_alive,128,3,1,2,0,False,9,False
src/serial/serial_base.py,BaseSerialAdapter.ping_or_check_alive,132,3,1,2,0,True,1,False
src/serial/serial_base.py,BaseSerialAdapter.share_contact,136,3,1,2,1,True,1,False
src/serial/serial_base.py,BaseSerialAdapter.export_contact,140,3,1,2,1,True,1,False
src/serial/serial_base.py,BaseSerialAdapter.import_contact,144,3,1,2,1,True,1,False
src/serial/serial_base.py,BaseSerialAdapter.resolve_sender_name,148,2,1,1,1,False,2,False
src/serial/watchdog.py,SerialWatchdog.__init__,20,26,5,17,4,False,7,False
src/serial/watchdog.py,SerialWatchdog.start,47,4,3,3,0,False,10,False
src/serial/watchdog.py,SerialWatchdog.stop,52,8,4,6,0,True,13,False
src/serial/watchdog.py,SerialWatchdog._trigger_reconnect,61,12,4,10,0,True,2,False
src/serial/watchdog.py,SerialWatchdog._supervise_loop,74,91,21,59,0,True,1,False
src/shared_utils.py,classify_device_role,11,22,4,9,2,False,5,False
src/shared_utils.py,clean_numeric_value,35,28,11,19,1,False,92,False
src/shared_utils.py,clean_coordinate_value,65,5,4,4,2,False,6,False
src/shared_utils.py,haversine_distance_m,72,34,5,15,5,False,1,False
src/shared_utils.py,clean_battery_input,108,3,1,2,1,False,5,False
src/shared_utils.py,normalize_battery,113,69,25,38,1,False,16,False
src/shared_utils.py,get_hardware_power_limits,240,32,15,16,2,False,3,False
src/shared_utils.py,clamp_tx_power,274,17,1,3,3,False,1,False
src/shared_utils.py,is_repeater_name,301,8,5,7,1,False,0,True
src/shared_utils.py,to_bool,311,20,7,15,2,False,10,False
src/shared_utils.py,extract_payload_dict,333,9,5,8,1,False,21,False
src/shared_utils.py,sanitize_public_payload,350,15,1,2,1,False,3,False
src/shared_utils.py,sanitize_public_payload.sanitize,352,11,9,9,1,False,3,False
src/shared_utils.py,safe_device_query,367,45,7,14,4,True,1,False
src/shared_utils.py,safe_device_query._call_sync,400,2,1,1,0,False,1,False
src/shared_utils.py,is_empty_channel_slot,414,27,12,17,2,False,3,False
src/shared_utils.py,redact_sensitive_command,443,22,4,12,1,False,3,False
src/target_resolver.py,TargetResolver.__init__,11,3,1,2,2,False,7,False
src/target_resolver.py,TargetResolver._get_mc,15,5,4,4,0,False,1,False
src/target_resolver.py,TargetResolver._field,22,2,2,1,2,False,4,False
src/target_resolver.py,TargetResolver._select_unique,26,13,12,8,2,False,2,False
src/target_resolver.py,TargetResolver.resolve,40,52,19,39,3,False,19,False
src/target_resolver.py,TargetResolver._search_sdk_helpers,94,18,9,16,3,False,1,False
src/tcp_companion_server.py,MeshCoreCompanionServer.__init__,36,17,1,11,3,False,7,False
src/tcp_companion_server.py,MeshCoreCompanionServer.start,54,17,2,8,0,True,10,False
src/tcp_companion_server.py,MeshCoreCompanionServer.stop,72,41,11,27,0,True,13,False
src/tcp_companion_server.py,MeshCoreCompanionServer.get_connected_count,114,3,1,2,0,False,0,True
src/tcp_companion_server.py,MeshCoreCompanionServer.get_response_owner,118,3,1,2,0,False,1,False
src/tcp_companion_server.py,MeshCoreCompanionServer.note_response_received,122,4,2,3,1,False,1,False
src/tcp_companion_server.py,MeshCoreCompanionServer.broadcast_companion_frame,127,42,13,30,2,True,2,False
src/tcp_companion_server.py,MeshCoreCompanionServer.send_frame_to_client,170,20,7,16,2,True,3,False
src/tcp_companion_server.py,MeshCoreCompanionServer._safe_close_writer,192,7,2,5,1,True,7,False
src/tcp_companion_server.py,MeshCoreCompanionServer._handle_client,200,180,31,87,2,True,2,False
src/tcp_companion_server.py,MeshCoreCompanionServer._dispatch_companion_command,381,31,9,20,2,True,1,False
src/virtual_mesh_adapter.py,VirtualMeshCoreCommands.__init__,30,2,1,1,1,False,7,False
src/virtual_mesh_adapter.py,VirtualMeshCoreCommands.send_appstart,33,2,1,1,0,True,0,False
src/virtual_mesh_adapter.py,VirtualMeshCoreCommands.send_device_query,36,11,1,1,0,True,0,False
src/virtual_mesh_adapter.py,VirtualMeshCoreCommands.get_bat,48,6,1,1,0,True,0,False
src/virtual_mesh_adapter.py,VirtualMeshCoreCommands.get_time,55,7,1,2,0,True,0,False
src/virtual_mesh_adapter.py,VirtualMeshCoreCommands.set_time,63,2,1,1,1,True,0,False
src/virtual_mesh_adapter.py,VirtualMeshCoreCommands.set_name,66,4,1,3,1,True,0,False
src/virtual_mesh_adapter.py,VirtualMeshCoreCommands.set_coords,71,6,1,5,2,True,0,False
src/virtual_mesh_adapter.py,VirtualMeshCoreCommands.set_tx_power,78,3,1,2,1,True,0,False
src/virtual_mesh_adapter.py,VirtualMeshCoreCommands.set_radio,82,13,3,2,5,True,0,False
src/virtual_mesh_adapter.py,VirtualMeshCoreCommands.send_advert,96,2,1,1,1,True,0,False
src/virtual_mesh_adapter.py,VirtualMeshCoreCommands.reboot,99,2,1,1,0,True,0,False
src/virtual_mesh_adapter.py,VirtualMeshCoreCommands.get_stats_core,102,10,1,2,0,True,0,False
src/virtual_mesh_adapter.py,VirtualMeshCoreCommands.get_stats_radio,113,9,1,1,0,True,0,False
src/virtual_mesh_adapter.py,VirtualMeshCoreCommands.get_stats_packets,123,10,1,1,0,True,0,False
src/virtual_mesh_adapter.py,VirtualMeshCoreCommands.req_status_sync,134,22,1,2,3,True,0,False
src/virtual_mesh_adapter.py,VirtualMeshCoreCommands.req_telemetry_sync,157,5,1,1,3,True,0,False
src/virtual_mesh_adapter.py,VirtualMeshCoreCommands.set_custom_var,163,3,1,2,2,True,3,False
src/virtual_mesh_adapter.py,VirtualMeshCoreCommands.get_channels,167,4,1,1,0,True,2,False
src/virtual_mesh_adapter.py,VirtualMeshCoreMock.__init__,176,30,1,2,1,False,7,False
src/virtual_mesh_adapter.py,VirtualMeshAdapter.__init__,404,24,4,13,4,False,7,False
src/virtual_mesh_adapter.py,VirtualMeshAdapter.get_channels,429,3,1,2,0,True,2,False
src/virtual_mesh_adapter.py,VirtualMeshAdapter.set_channel,433,12,4,6,3,True,0,False
src/virtual_mesh_adapter.py,VirtualMeshAdapter.delete_channel,446,4,1,3,1,True,0,False
src/virtual_mesh_adapter.py,VirtualMeshAdapter.sync_all_contacts,451,11,2,5,0,True,2,False
src/virtual_mesh_adapter.py,VirtualMeshAdapter.add_contact,463,34,7,14,1,True,1,False
src/virtual_mesh_adapter.py,VirtualMeshAdapter.remove_contact,498,5,1,4,1,True,0,False
src/virtual_mesh_adapter.py,VirtualMeshAdapter.connect,504,17,5,12,0,True,8,False
src/virtual_mesh_adapter.py,VirtualMeshAdapter.disconnect,522,16,5,15,0,True,9,False
src/virtual_mesh_adapter.py,VirtualMeshAdapter.send_message,539,101,30,46,3,True,3,False
src/virtual_mesh_adapter.py,VirtualMeshAdapter.send_raw_companion_frame,641,175,41,133,1,True,3,False
src/virtual_mesh_adapter.py,VirtualMeshAdapter._simulate_echo_reply,817,60,5,14,5,True,1,False
src/virtual_mesh_adapter.py,VirtualMeshAdapter._simulation_loop,878,27,7,16,0,True,1,False
src/virtual_mesh_adapter.py,VirtualMeshAdapter._update_node_states,906,8,1,6,0,False,1,False
src/virtual_mesh_adapter.py,VirtualMeshAdapter._emit_node_presence,915,20,1,3,1,False,3,False
src/virtual_mesh_adapter.py,VirtualMeshAdapter._emit_cayennelpp_telemetry,936,57,1,20,1,False,2,False
src/virtual_mesh_adapter.py,VirtualMeshAdapter._dispatch_event,994,7,3,5,1,False,4,False
src/web/api_router.py,_safe_int,83,7,2,5,4,False,41,False
src/web/api_router.py,_parse_bounded_int,92,30,6,9,5,False,4,False
src/web/api_router.py,WebAPIRouter.__init__,127,33,1,17,1,False,7,False
src/web/api_router.py,WebAPIRouter._load_channels,161,4,1,3,0,False,2,False
src/web/api_router.py,WebAPIRouter._save_channels,166,7,2,5,0,False,2,False
src/web/api_router.py,WebAPIRouter._notify_web_clients,174,9,4,8,1,False,1,False
src/web/api_router.py,WebAPIRouter.log_system_event,184,25,7,15,3,False,38,False
src/web/api_router.py,WebAPIRouter.record_incoming_event,210,105,47,79,2,False,1,False
src/web/api_router.py,WebAPIRouter.handle_request,316,84,21,35,3,True,1,False
src/web/api_router.py,WebAPIRouter._dispatch_system,401,60,23,44,4,True,1,False
src/web/api_router.py,WebAPIRouter._dispatch_packets,462,27,8,23,4,True,1,False
src/web/api_router.py,WebAPIRouter._dispatch_nodes,490,72,20,44,4,True,1,False
src/web/api_router.py,WebAPIRouter._dispatch_contacts,563,14,7,11,3,True,1,False
src/web/api_router.py,WebAPIRouter._dispatch_channels,578,5,1,4,3,True,1,False
src/web/api_router.py,WebAPIRouter._dispatch_tx,584,7,5,6,3,True,1,False
src/web/api_router.py,WebAPIRouter._dispatch_repeater,592,49,28,31,3,True,1,False
src/web/api_router.py,WebAPIRouter._dispatch_config,642,109,45,91,4,True,1,False
src/web/api_router.py,WebAPIRouter._dispatch_misc,752,26,8,11,4,True,1,False
src/web/api_router.py,WebAPIRouter._route_channels,780,2,1,1,3,True,0,True
src/web/api_router.py,WebAPIRouter._route_logs,783,2,1,1,2,True,2,False
src/web/controllers/base.py,problem_details,29,23,4,5,5,False,158,False
src/web/controllers/base.py,BaseController.__init__,57,2,1,1,1,False,7,False
src/web/controllers/base.py,BaseController.command_failure,61,32,25,30,1,False,17,False
src/web/controllers/base.py,BaseController.serial_mutation,94,13,4,10,1,True,6,False
src/web/controllers/base.py,firmware_name_valid,109,3,4,2,1,False,2,False
src/web/controllers/channels_controller.py,ChannelsController.__init__,28,14,4,8,2,False,7,False
src/web/controllers/channels_controller.py,ChannelsController._load_channels,43,20,9,12,0,False,2,False
src/web/controllers/channels_controller.py,ChannelsController._save_channels,64,25,7,21,1,False,2,False
src/web/controllers/channels_controller.py,ChannelsController._save_channels_async,90,3,1,2,1,True,3,False
src/web/controllers/channels_controller.py,ChannelsController.handle_channels_route,94,5,1,2,3,True,2,False
src/web/controllers/channels_controller.py,ChannelsController._handle_channels_route,100,23,8,12,3,True,1,False
src/web/controllers/channels_controller.py,ChannelsController._sync_from_serial,124,30,16,25,0,True,2,False
src/web/controllers/channels_controller.py,ChannelsController._sync_channels,155,10,3,7,0,True,1,False
src/web/controllers/channels_controller.py,ChannelsController._get_masked_channels_list,166,20,7,18,0,False,4,False
src/web/controllers/channels_controller.py,ChannelsController._mask_channel,187,15,6,13,1,False,1,False
src/web/controllers/channels_controller.py,ChannelsController._get_channels,203,6,2,5,1,True,1,False
src/web/controllers/channels_controller.py,ChannelsController._export_channel,210,47,12,19,1,True,1,False
src/web/controllers/channels_controller.py,ChannelsController._max_channels,258,12,5,10,0,False,1,False
src/web/controllers/channels_controller.py,ChannelsController._create_or_update_channel,271,55,18,38,1,True,1,False
src/web/controllers/channels_controller.py,ChannelsController._delete_channel,327,35,13,27,1,True,1,False
src/web/controllers/config_controller.py,ConfigController.get_device_config,22,90,26,47,1,True,4,False
src/web/controllers/config_controller.py,ConfigController.set_local_config,113,69,25,52,1,True,4,False
src/web/controllers/config_controller.py,ConfigController.broadcast_advert,183,13,5,11,1,True,4,False
src/web/controllers/config_controller.py,ConfigController.sync_clock,197,20,5,12,1,True,1,False
src/web/controllers/config_controller.py,ConfigController.clear_stats,218,29,10,22,0,True,1,False
src/web/controllers/config_controller.py,ConfigController.refresh_hardware_config,248,10,4,5,0,True,1,False
src/web/controllers/config_controller.py,ConfigController.reconnect_serial,259,20,7,16,0,True,1,False
src/web/controllers/config_controller.py,ConfigController.reboot_local,280,9,2,8,0,True,1,False
src/web/controllers/config_controller.py,ConfigController.get_custom_vars,290,8,3,6,0,True,7,False
src/web/controllers/config_controller.py,ConfigController.set_custom_vars,299,58,18,41,1,True,1,False
src/web/controllers/config_controller.py,ConfigController.delete_custom_var,358,15,5,13,1,True,4,False
src/web/controllers/config_controller.py,ConfigController.get_path_hash_mode,374,10,4,8,0,True,4,False
src/web/controllers/config_controller.py,ConfigController.set_path_hash_mode,385,24,9,20,1,True,4,False
src/web/controllers/config_controller.py,ConfigController.get_autoadd_config,410,5,3,4,0,True,4,False
src/web/controllers/config_controller.py,ConfigController.set_autoadd_config,416,43,22,32,1,True,4,False
src/web/controllers/config_controller.py,ConfigController.get_flood_scope,460,5,3,4,0,True,4,False
src/web/controllers/config_controller.py,ConfigController.set_flood_scope,466,18,13,17,1,True,4,False
src/web/controllers/contacts_controller.py,ContactsController.__init__,27,3,1,2,1,False,7,False
src/web/controllers/contacts_controller.py,ContactsController._contact_validation,31,14,9,13,3,False,3,False
src/web/controllers/contacts_controller.py,ContactsController._save_registry_async,46,9,4,8,0,True,5,False
src/web/controllers/contacts_controller.py,ContactsController.handle_contacts_route,56,5,1,2,3,True,1,False
src/web/controllers/contacts_controller.py,ContactsController._handle_contacts_route,62,36,16,22,3,True,1,False
src/web/controllers/contacts_controller.py,ContactsController._sync_contacts,99,41,15,20,0,True,1,False
src/web/controllers/contacts_controller.py,ContactsController._share_contact,141,13,5,11,1,True,1,False
src/web/controllers/contacts_controller.py,ContactsController._export_contact,155,81,29,42,1,True,1,False
src/web/controllers/contacts_controller.py,ContactsController._import_contact,237,223,111,154,1,True,1,False
src/web/controllers/contacts_controller.py,ContactsController._create_or_update_contact,461,77,26,45,1,True,1,False
src/web/controllers/contacts_controller.py,ContactsController._delete_contact,539,22,9,17,2,True,1,False
src/web/controllers/logs_controller.py,LogsController.route_logs,17,48,14,27,2,True,1,False
src/web/controllers/logs_controller.py,LogsController._handle_system_logs,66,48,24,28,2,False,1,False
src/web/controllers/logs_controller.py,LogsController._handle_diagnostics_report,115,8,2,6,0,True,1,False
src/web/controllers/logs_controller.py,LogsController._handle_raw_logs_download,124,18,4,10,0,True,1,False
src/web/controllers/nodes_controller.py,NodesController.list_nodes,17,13,1,4,2,True,19,False
src/web/controllers/nodes_controller.py,NodesController.get_lqi,31,12,3,5,0,True,1,False
src/web/controllers/nodes_controller.py,NodesController.get_analytics,44,54,6,41,1,True,1,False
src/web/controllers/nodes_controller.py,NodesController.reset_metrics,99,30,8,17,0,True,1,False
src/web/controllers/nodes_controller.py,NodesController.get_rf_heatmap,130,34,14,14,0,True,1,False
src/web/controllers/nodes_controller.py,NodesController.get_airtime_stats,165,15,3,6,0,True,1,False
src/web/controllers/packets_controller.py,PacketsController.get_packets,18,32,5,9,4,True,2,False
src/web/controllers/packets_controller.py,PacketsController.export_packets,51,49,6,21,1,True,1,False
src/web/controllers/packets_controller.py,PacketsController.clear_packets,101,11,3,8,0,True,1,False
src/web/controllers/repeater_controller.py,RepeaterController._remote_failure,18,8,6,7,1,False,12,False
src/web/controllers/repeater_controller.py,RepeaterController.execute_admin_command,27,12,5,11,1,True,1,False
src/web/controllers/repeater_controller.py,RepeaterController.execute_repeater_command,40,21,3,12,1,True,1,False
src/web/controllers/repeater_controller.py,RepeaterController.login,62,24,9,21,1,True,1,False
src/web/controllers/repeater_controller.py,RepeaterController.logout,87,14,3,11,1,True,1,False
src/web/controllers/repeater_controller.py,RepeaterController.set_remote_config,102,21,4,13,1,True,1,False
src/web/controllers/repeater_controller.py,RepeaterController.execute_remote_action,124,21,5,13,1,True,1,False
src/web/controllers/repeater_controller.py,RepeaterController.ping_zero,146,17,3,11,1,True,1,False
src/web/controllers/repeater_controller.py,RepeaterController.traceroute,164,17,3,11,1,True,1,False
src/web/controllers/repeater_controller.py,RepeaterController.get_neighbours,182,18,3,11,1,True,1,False
src/web/controllers/repeater_controller.py,RepeaterController.get_owner,201,11,3,10,1,True,1,False
src/web/controllers/repeater_controller.py,RepeaterController.get_regions,213,11,3,10,1,True,1,False
src/web/controllers/repeater_controller.py,RepeaterController.get_clock,225,11,3,10,1,True,1,False
src/web/controllers/repeater_controller.py,RepeaterController.get_acl,237,11,3,10,1,True,1,False
src/web/controllers/system_controller.py,SystemController._collect_health,17,33,12,17,0,False,2,False
src/web/controllers/system_controller.py,SystemController.get_status,51,19,3,8,0,True,3,False
src/web/controllers/system_controller.py,SystemController.get_health,71,6,1,2,0,True,3,False
src/web/controllers/system_controller.py,SystemController.get_logs,78,21,8,11,3,True,4,False
src/web/controllers/system_controller.py,SystemController.clear_logs,100,8,4,7,0,True,1,False
src/web/controllers/system_controller.py,SystemController.run_preflight,109,31,5,12,0,True,1,False
src/web/controllers/tx_controller.py,TxController.send_tx,20,92,32,54,1,True,1,False
src/web/controllers/tx_controller.py,TxController.get_recent_messages,113,8,1,3,0,True,1,False
src/web/http_server.py,MeshCoreWebServer.__init__,61,21,2,13,4,False,7,False
src/web/http_server.py,MeshCoreWebServer.start,83,6,1,5,0,True,10,False
src/web/http_server.py,MeshCoreWebServer.stop,90,53,15,35,0,True,13,False
src/web/http_server.py,MeshCoreWebServer._metrics_broadcaster_loop,144,60,16,29,0,True,1,False
src/web/http_server.py,MeshCoreWebServer.broadcast_event,205,25,7,18,1,True,13,False
src/web/http_server.py,MeshCoreWebServer._build_websocket_frame,231,16,3,12,1,False,4,False
src/web/http_server.py,MeshCoreWebServer._handle_client,248,48,10,29,2,True,2,False
src/web/http_server.py,MeshCoreWebServer._parse_request_head,297,8,2,4,2,True,1,False
src/web/http_server.py,MeshCoreWebServer._read_request_head,306,31,8,25,2,True,1,False
src/web/http_server.py,MeshCoreWebServer._inspect_request_security,338,47,3,13,5,True,1,False
src/web/http_server.py,MeshCoreWebServer._read_request_body,386,61,10,32,5,True,1,False
src/web/http_server.py,MeshCoreWebServer._calculate_cors_origin,448,8,4,7,1,False,2,False
src/web/http_server.py,MeshCoreWebServer._dispatch_client_request,457,30,7,17,1,True,1,False
src/web/http_server.py,MeshCoreWebServer._handle_cors_preflight,488,13,2,5,2,True,1,False
src/web/http_server.py,MeshCoreWebServer._handle_api_response,502,49,7,21,1,True,1,False
src/web/http_server.py,MeshCoreWebServer._serve_map_tile,552,32,8,20,1,True,1,False
src/web/http_server.py,MeshCoreWebServer._is_api_auth_valid,585,64,16,33,1,True,1,False
src/web/http_server.py,MeshCoreWebServer._is_origin_allowed,650,26,16,25,3,False,1,False
src/web/http_server.py,MeshCoreWebServer._handle_websocket_handshake,677,47,8,21,2,True,1,False
src/web/http_server.py,MeshCoreWebServer._send_websocket_handshake_response,725,14,1,6,2,True,1,False
src/web/http_server.py,MeshCoreWebServer._send_initial_websocket_state,740,63,13,27,1,True,1,False
src/web/http_server.py,MeshCoreWebServer._run_websocket_message_loop,804,54,15,38,3,True,1,False
src/web/http_server.py,MeshCoreWebServer._read_websocket_frame,859,69,27,53,2,True,1,False
src/web/http_server.py,MeshCoreWebServer._is_traversal_attempt,929,20,8,6,1,False,1,False
src/web/http_server.py,MeshCoreWebServer._is_within_static_root,950,3,1,2,1,False,1,False
src/web/http_server.py,MeshCoreWebServer._client_accepts_gzip,964,17,10,15,1,False,1,False
src/web/http_server.py,MeshCoreWebServer._build_http_response,982,56,8,29,6,False,2,False
src/web/http_server.py,MeshCoreWebServer._write_http_response,1039,17,2,7,6,True,21,False
src/web/http_server.py,MeshCoreWebServer._serve_static_file,1057,156,32,61,1,True,1,False
src/web/map_tile_service.py,MapTileService.__init__,19,11,2,8,1,False,7,False
src/web/map_tile_service.py,MapTileService._init_storage,31,8,2,6,0,False,1,False
src/web/map_tile_service.py,MapTileService.close,40,3,1,2,0,False,23,False
src/web/map_tile_service.py,MapTileService._close,44,8,3,6,0,False,1,False
src/web/map_tile_service.py,MapTileService.reload_mbtiles,53,3,1,2,0,False,2,False
src/web/map_tile_service.py,MapTileService._reload_mbtiles,57,34,8,26,0,False,1,False
src/web/map_tile_service.py,MapTileService.get_tile,92,3,1,2,3,False,1,False
src/web/map_tile_service.py,MapTileService._get_tile,96,45,13,27,3,False,1,False
src/web/map_tile_service.py,MapTileService._detect_mime,142,19,10,11,2,False,2,False
src/web/map_tile_service.py,MapTileService.get_status,162,3,1,2,0,False,3,False
src/web/map_tile_service.py,MapTileService._get_status,166,37,6,16,0,False,1,False
src/web/security_inspector.py,SecurityTrafficInspector.extract_client_ip,120,14,5,8,2,False,1,False
src/web/security_inspector.py,SecurityTrafficInspector.is_traversal_attempt,136,24,15,9,1,False,1,False
src/web/security_inspector.py,SecurityTrafficInspector.inspect_http_request,162,49,13,25,5,False,1,False
src/web/security_inspector.py,SecurityTrafficInspector.log_http_access,213,45,8,13,1,False,4,False
src/web/security_inspector.py,SecurityTrafficInspector.log_suspicious_traffic,260,11,2,3,1,False,13,False
src/web/security_inspector.py,SecurityTrafficInspector.log_suspicious_traffic.safe,262,3,1,2,1,False,3,False
src/web/security_inspector.py,SecurityTrafficInspector.log_tcp_connection,273,11,1,2,4,False,2,False
src/web/security_inspector.py,SecurityTrafficInspector.log_websocket_connection,286,10,1,2,3,False,2,False
config.py,_parse_env_value,11,18,11,17,1,False,1,False
config.py,_safe_int,52,11,6,9,4,False,41,False
config.py,_safe_float,65,13,7,11,4,False,37,False
config.py,_validate_config,178,49,16,34,0,False,1,False
meshcore_bridge.py,main,53,37,8,17,0,False,4,False
run_interactive_demo.py,print_simulation_banner,33,18,1,17,1,False,1,False
run_interactive_demo.py,main,53,50,8,25,0,True,4,False
run_interactive_demo.py,main._sig_handler,79,3,1,2,0,False,1,False
